대분류,부처,부서,게시판,URL,Crawler 구분,wrap_tag,title_tag,time_tag,time_re,trim_str,url_flag,session
대학본부,교목처,교목팀,공지사항,http://kyomok.sogang.ac.kr/front/cmsboardlist.do?siteId=kyomok&bbsConfigFK=1101,1,"li,None,None,:","a,class,title,0","div,None,None,0/span,None,None,1",[0-9]{4}.[0-9]{2}.[0-9]{2},"<!-- 상단고정 시작 -->,<!-- List 끝 -->",TRUE,FALSE
,교목처,교목팀,월중행사일정,http://kyomok.sogang.ac.kr/front/cmsboardlist.do?siteId=kyomok&bbsConfigFK=1102,1,,,,,,,FALSE
,교목처,이냐시오인재센터,공지사항,http://voluntas.sogang.ac.kr/front/cmsboardlist.do?siteId=voluntas&bbsConfigFK=2479,1,,,,,,,FALSE
,교무처,교무팀,공지사항,http://acafice.sogang.ac.kr/front/cmsboardlist.do?siteId=acafice&bbsConfigFK=1382,1,,,,,,,FALSE
,교무처,학사지원팀,학사공지,http://sogang.ac.kr/front/boardlist.do?bbsConfigFK=2,2,"tr,None,None,:","a,None,None,0","td,None,None,4",[0-9]{4}.[0-9]{2}.[0-9]{2},"<tbody>,</tbody>",TRUE,FALSE
,교무처,종합봉사팀,공지사항,http://sogang.ac.kr/front/boardlist.do?bbsConfigFK=3,2,,,,,,,FALSE
,입학처,입학팀,통합공지사항,http://admission.sogang.ac.kr/admission/html/counsel/notice.asp,3,"tr,None,None,:","a,None,None,0","dd,None,None,1",[0-9]{4}.[0-9]{2}.[0-9]{2},"<tbody>,</tbody>",FALSE,FALSE
,학생문화처,학생지원팀,장학공지,http://sogang.ac.kr/front/boardlist.do?bbsConfigFK=33,2,,,,,,,FALSE
,학생문화처,학생지원팀,공모전/모집/홍보,http://www.sogang.ac.kr/front/boardlist.do?bbsConfigFK=34,2,,,,,,,
,학생문화처,취업지원팀,공지사항,https://job.sogang.ac.kr/service/notice.aspx?boardid=3,,,,,,,,TRUE
,학생문화처,취업지원팀,행사정보,https://job.sogang.ac.kr/jobevent/list.aspx,,,,,,,,
,학생문화처,취업지원팀,전체 채용정보,https://job.sogang.ac.kr/jobs/sogang/all/,,,,,,,,
,학생문화처,취업지원팀,인턴쉽,https://job.sogang.ac.kr/jobs/intern/,,,,,,,,
,학생문화처,취업지원팀,대외활동정보,https://job.sogang.ac.kr/jobs/contest/etc.aspx?boardid=19,,,,,,,,
,학생문화처,취업지원팀,과외정보,https://job.sogang.ac.kr/alba/lesson/,,,,,,,,
,학생문화처,취업지원팀,아르바이트정보,https://job.sogang.ac.kr/alba/school/,,,,,,,,
,학생문화처,장애학생지원센터,HOT ISSUE,http://dasoni.sogang.ac.kr/front/cmsboardlist.do?siteId=dasoni&bbsConfigFK=461,1,,,,,,,
,학생문화처,장애학생지원센터,주요 공지사항,http://dasoni.sogang.ac.kr/front/cmsboardlist.do?siteId=dasoni&bbsConfigFK=447,1,,,,,,,
,학생문화처,장애학생지원센터,채용정보,http://dasoni.sogang.ac.kr/front/cmsboardlist.do?siteId=dasoni&bbsConfigFK=462,1,,,,,,,
,학생문화처,장애학생지원센터,장애대학 진로/취업지원 거점대학 프로그램,http://dasoni.sogang.ac.kr/front/cmsboardlist.do?siteId=dasoni&bbsConfigFK=2786,1,,,,,,,
,학생문화처,보건실,공지사항,http://scc.sogang.ac.kr/front/cmsboardlist.do?siteId=hs&bbsConfigFK=1138,1,,,,,,,
,학생문화처,보건실,이달의 건강소식,http://scc.sogang.ac.kr/front/cmsboardlist.do?siteId=hs&bbsConfigFK=1137,1,,,,,,,
,학생문화처,대학언론사 ,서강언론사,http://www.sgunews.com/news/articleList.html?view_type=sm,4,"div,class,list-block,:","a,None,None,0","div,class,list-dated,0",[0-9]{4}-[0-9]{2}-[0-9]{2},"<!-- 웹진형 //-->,<!--// 웹진형 -->",TRUE,FALSE
,학생문화처,대학언론사 ,서강헤럴드,http://www.sgherald.com/news/articleList.html?view_type=sm,4,,,,,,,
,총무처,예비군연대본부,공지사항,http://yebigun.sogang.ac.kr/front/cmsboardlist.do?siteId=yebigun&bbsConfigFK=441,1,,,,,,,
,관리처,구매팀 ,입찰공고,http://purchase.sogang.ac.kr/front/cmsboardlist.do?siteId=purchase&bbsConfigFK=782,1,,,,,,,
,전인교육원,전인교육원,공지사항,http://wholeperson.sogang.ac.kr/front/boardlist.do?bbsconfig=7,2,,,,,,,
,전인교육원,소프트웨어교육센터,공지사항,http://swedu.sogang.ac.kr/front/noticelist.do?searchType=A,2,"tr,None,None,:","a,None,None,0","td,None,None,4",[0-9]{4}.[0-9]{2}.[0-9]{2},"<tbody>,</tbody>",TRUE,FALSE
,전인교육원,소프트웨어교육센터,뉴스,http://swedu.sogang.ac.kr/front/noticelist.do?searchType=B,2,,,,,,,
,전인교육원,소프트웨어교육센터,SW행사,http://swedu.sogang.ac.kr/front/boardlist.do?bbsConfigFK=10,2,,,,,,,
,전인교육원,인성교육센터,공지사항,http://character.sogang.ac.kr/front/cmsboardlist.do?siteId=character&bbsConfigFK=1321,1,,,,,,,
,전인교육원,교수학습센터,공지사항,http://sgctl.sogang.ac.kr/ctl/ur/notice_list.acl,6,"li,None,None,:","div,class,list2-title,0","div,class,reg-div,0",[0-9]{4}.[0-9]{2}.[0-9]{2},None,FALSE,FALSE
,전인교육원,글쓰기센터,공지사항,http://writing.sogang.ac.kr/front/frontboard/boardlist.do?bbsGubun=1,7,"tr,None,None,2","a,None,None,0","td,None,None,4",[0-9]{4}.[0-9]{2}.[0-9]{2},"<!-- <div align=""center""> -->,<!-- 표 끝 -->",TRUE,FALSE
,전인교육원,국제학생교육센터,공지사항,http://globaledu.sogang.ac.kr/front/cmsboardlist.do?siteId=globaledu&bbsConfigFK=2586,1,,,,,,,
,일반대학원,대학원,학사공지,http://gradsch.sogang.ac.kr/front/cmsboardlist.do?siteId=gradsch&bbsConfigFK=401,1,,,,,,,
,일반대학원,대학원,장학/등록 관련공지,http://gradsch.sogang.ac.kr/front/cmsboardlist.do?siteId=gradsch&bbsConfigFK=402,1,,,,,,,
,일반대학원,대학원,입시 관련공지,http://gradsch.sogang.ac.kr/front/cmsboardlist.do?siteId=gradsch&bbsConfigFK=403,1,,,,,,,
,일반대학원,대학원,취업/모집 관련공지,http://gradsch.sogang.ac.kr/front/cmsboardlist.do?siteId=gradsch&bbsConfigFK=404,1,,,,,,,
,전문대학원,신학대학원,공지사항,http://gsot.sogang.ac.kr/front/cmsboardlist.do?siteId=gsot&bbsConfigFK=1084,1,,,,,,,
,전문대학원,국제대학원,Notice,http://gsis.sogang.ac.kr/front/cmsboardlist.do?siteId=gsis&bbsConfigFK=242,1,,,,,,,
,전문대학원,국제대학원,Events,http://gsis.sogang.ac.kr/front/cmsboardlist.do?siteId=gsis&bbsConfigFK=243,1,,,,,,,
,전문대학원,국제대학원,Faculty News,http://gsis.sogang.ac.kr/front/cmsboardlist.do?siteId=gsis&bbsConfigFK=244,1,,,,,,,
,전문대학원,국제대학원,Job & Internships,http://gsis.sogang.ac.kr/front/cmsboardlist.do?siteId=gsis&bbsConfigFK=245,1,,,,,,,
,전문대학원,영상대학원,공지사항,http://gsm.sogang.ac.kr/%ea%b3%b5%ec%a7%80%ec%82%ac%ed%95%ad/,8,"tr,None,None,:","a,None,None,0","td,None,None,3",[0-9]{4}.[0-9]{2}.[0-9]{2},"<tbody>,</tbody>",TRUE,FALSE
,전문대학원,영상대학원,News & Events,http://gsm.sogang.ac.kr/blog-section/,8,,,,,,,
,전문대학원,법학전문대학원,학사공지,http://lawschool.sogang.ac.kr/front/cmsboardlist.do?siteId=lawschool&bbsConfigFK=1601,1,,,,,,,
,전문대학원,법학전문대학원,일반공지,http://lawschool.sogang.ac.kr/front/cmsboardlist.do?siteId=lawschool&bbsConfigFK=1602,1,,,,,,,
,전문대학원,법학전문대학원,법학전문대학원 소식,http://lawschool.sogang.ac.kr/front/cmsboardlist.do?siteId=lawschool&bbsConfigFK=1603,1,,,,,,,
,전문대학원,법학전문대학원,실무수습,http://lawschool.sogang.ac.kr/front/cmsboardlist.do?siteId=lawschool&bbsConfigFK=2706,1,,,,,,,
,전문대학원,기술경영전문대학원,학사공지,http://sgmot.sogang.ac.kr/front/boardlist.do?bbsConfigFK=21,2,,,,,,,
,전문대학원,기술경영전문대학원,일반공지,http://sgmot.sogang.ac.kr/front/boardlist.do?bbsConfigFK=22,2,,,,,,,
,특수대학원,공공정책대학원,공지사항,http://gspp.sogang.ac.kr/front/cmsboardlist.do?siteId=gspp&bbsConfigFK=1043,1,,,,,,,
,특수대학원,교육대학원,교육대학원소식,http://gsedu.sogang.ac.kr/front/cmsboardlist.do?siteId=gsedu&bbsConfigFK=481,1,,,,,,,
,특수대학원,교육대학원,공지사항,http://gsedu.sogang.ac.kr/front/cmsboardlist.do?siteId=gsedu&bbsConfigFK=303,1,,,,,,,
,특수대학원,교육대학원,교직안내,http://gsedu.sogang.ac.kr/front/cmsboardlist.do?siteId=gsedu&bbsConfigFK=304,1,,,,,,,
,특수대학원,교육대학원,전공별 특강,http://gsedu.sogang.ac.kr/front/cmsboardlist.do?siteId=gsedu&bbsConfigFK=305,1,,,,,,,
,특수대학원,언론대학원,공지사항,http://gscom.sogang.ac.kr/front/cmsboardlist.do?siteId=gscom&bbsConfigFK=525,1,,,,,,,
,특수대학원,언론대학원,학생 기고,http://gscom.sogang.ac.kr/front/cmsboardlist.do?siteId=gscom&bbsConfigFK=1681,1,,,,,,,
,특수대학원,언론대학원,원우회/동문회 소식,http://gscom.sogang.ac.kr/front/cmsboardlist.do?siteId=gscom&bbsConfigFK=526,1,,,,,,,
,특수대학원,정보통신대학원,공지사항,http://gsinfo.sogang.ac.kr/front/cmsboardlist.do?siteId=gsinfo&bbsConfigFK=386,1,,,,,,,
,특수대학원,정보통신대학원,원우회 공지사항,http://gsinfotech.sogang.ac.kr/bbs/bbslist.do?forword=&wslID=gsinfotech&bbsid=3870,2,,,,,,,
,특수대학원,정보통신대학원,원우회 상조회,http://gsinfotech.sogang.ac.kr/bbs/bbslist.do?forword=&wslID=gsinfotech&bbsid=3871,2,,,,,,,
,특수대학원,정보통신대학원,원우회 행사,http://gsinfotech.sogang.ac.kr/bbs/bbslist.do?forword=&wslID=gsinfotech&bbsid=3872,2,,,,,,,
,부속기관,도서관,일반공지,http://library.sogang.ac.kr/bbs/list/1,8,,,,,,,
,부속기관,정보통신원,공지사항,http://it.sogang.ac.kr/front/cmsboardlist.do?siteId=it&bbsConfigFK=141,1,,,,,,,
,부속기관,벨라르미노학사,공지사항,http://scc.sogang.ac.kr/front/cmsboardlist.do?siteId=dormitory&bbsConfigFK=1181,1,,,,,,,
,부속기관,벨라르미노학사,입퇴사공지,http://scc.sogang.ac.kr/front/cmsboardlist.do?siteId=dormitory&bbsConfigFK=1182,1,,,,,,,
,부속기관,곤자가국제학사,Gonzaga Hall Office,https://gonzaga.sogang.ac.kr/admin/board/list.jsp?board_nm=notice,9,"tr,None,None,1:-1","td,None,None,1","td,None,None,3",[0-9]{4}.[0-9]{2}.[0-9]{2},"<!-- Contants : STR -->','<!-- Paging : STR -->",FALSE,FALSE
,부속기관,곤자가국제학사,Student Supervisor,https://gonzaga.sogang.ac.kr/admin/board/list.jsp?board_nm=Supervisor,9,,,,,,,
,부속기관,성평등상담실,공지사항,http://equality.sogang.ac.kr/front/cmsboardlist.do?siteId=equality&bbsConfigFK=2375,1,,,,,,,
,부속기관,국제지역문화원,공지사항,http://siracs.sogang.ac.kr/front/cmsboardlist.do?siteId=siracs&bbsConfigFK=2686,1,,,,,,,
,부속기관,메리홀,메리홀 소식,http://maryhall.sogang.ac.kr/front/cmsboardlist.do?siteId=maryhall&bbsConfigFK=1141,1,,,,,,,
,부속기관,학생생활상담연구소,공지사항,http://sgcounsel.sogang.ac.kr/front/cmsboardlist.do?siteId=sgcounsel&bbsConfigFK=221,1,,,,,,,
,부속기관,출판부,공지사항,http://sgup.sogang.ac.kr/front/cmsboardlist.do?siteId=sgup&bbsConfigFK=3129,1,,,,,,,
,부속교육기관,외국어교육원,공지사항,https://flec.sogang.ac.kr/5000/5800.php,10,"tr,None,none,::2","a,None,None,0","td,None,None,6",[0-9]{4}.[0-9]{2}.[0-9]{2},"<!------------  내용 시작  ------------>,</table>",TRUE,FALSE
,부속교육기관,게임&평생교육원,공지사항,https://scec.sogang.ac.kr/ht_ml/w_05ed/5000.php,11,"tr,None,none,::2","a,None,None,1","td,None,None,2",[0-9]{4}.[0-9]{2}.[0-9]{2},"<td height=""1"" colspan=""4"" align=""center"" bgcolor=""c9c8b0""></td>,</table>",TRUE,FALSE
,부속교육기관,게임&평생교육원 멀티미디어 학위과정,공지사항,https://www.soganggame.ac.kr/?CODE=0005&SUB=0001,,,,,,,,
,부속교육기관,한국어교육원,공지사항,https://klec.sogang.ac.kr/?url=00010,8,,,,,,,
,부속교육기관,경영교육원,공지사항,http://sgbec.sogang.ac.kr/front/cmsboardlist.do?siteId=sgbec&bbsConfigFK=2386,1,,,,,,,
,부설연구기관,철학연구소,공지사항,http://sgriphil.sogang.ac.kr/front/cmsboardlist.do?siteId=sgriphil&bbsConfigFK=2404,1,,,,,,,
,부설연구기관,신학연구소,공지사항,http://theoinst.sogang.ac.kr/front/cmsboardlist.do?siteId=theoinst&bbsConfigFK=1187,1,,,,,,,
,부설연구기관,생명문화연구소,공지사항,http://lifecult.sogang.ac.kr/front/cmsboardlist.do?siteId=lifecult&bbsConfigFK=1326,1,,,,,,,
,부설연구기관,인문과학연구소,공지사항,https://human.sogang.ac.kr/modules/bbs/index.php?code=notice&___M_ID=116,12,"tr,None,None,2:","a,None,None,0","td,None,None,3",[0-9]{4}.[0-9]{2}.[0-9]{2},"<!------------------------------ 컨텐츠 ------------------------------>,</table>",FALSE,FALSE
,부설연구기관,인문과학연구소,최근소식,https://human.sogang.ac.kr/modules/bbs/index.php?code=news&___M_ID=117,12,,,,,,,
,부설연구기관,언어정보연구소,공지사항,http://linguistics.sogang.ac.kr/board01/list.asp,13,"tr,None,None,::2","a,None,None,0","td,None,None,4",[0-9]{4}.[0-9]{2}.[0-9]{2},"<!--공지부분 시작-->,</table>",TRUE,FALSE
,부설연구기관,언론문화연구소,공지사항,http://jci.sogang.ac.kr/front/cmsboardlist.do?siteId=jci&bbsConfigFK=2132,1,,,,,,,
,부설연구기관,동아연구소,공지사항,http://sieas.sogang.ac.kr/front/cmsboardlist.do?siteId=sieas&bbsConfigFK=3000,1,,,,,,,
,부설연구기관,사회과학연구소,공지사항,http://sgiss.com/korean/bbs_notice.php,,,,,,,,
,부설연구기관,법학연구소,공지사항,http://scc.sogang.ac.kr/front/cmsboardlist.do?siteId=lawinst&bbsConfigFK=429,1,,,,,,,
,부설연구기관,양자시공간연구센터,Notice,http://cquest.sogang.ac.kr/modules/board/bd_list.html?id=forum_notice,,,,,,,,
,부설연구기관,양자시공간연구센터,Conference,http://cquest.sogang.ac.kr/modules/board/bd_list.html?id=forum_conference,,,,,,,,
,부설연구기관,양자시공간연구센터,Seminar,http://cquest.sogang.ac.kr/modules/board/bd_list.html?id=forum_seminar,,,,,,,,
,부설연구기관,양자시공간연구센터,External Event,http://cquest.sogang.ac.kr/modules/board/bd_list.html?id=forum_outside,,,,,,,,
,부설연구기관,바이오융합기술연구소,공지사항,http://ibrc-sogang.co.kr/?act=board&bbs_code=notice,,,,,,,,
,부설연구기관,*트랜스내셔널 인문학 연구소,공지사항,http://cgsi.ac/bbs/board.php?bo_table=kor_notice,,,,,,,,
,부설연구기관,C1 가스 리파이너리 연구소,공지사항,https://cgrc.sogang.ac.kr/index.php?mid=c1_notice,,,,,,,,
,부설연구기관,ICT 법경제연구소,공지사항,http://icle.sogang.ac.kr/board/1,,,,,,,,
,부설연구기관,지능형 블록체인 연구센터,공지사항,http://itrcblockchain.com/sub/sub08_01.php,,,,,,,,
,부설연구기관,혁신과경쟁연구센터,공지사항,http://scc.sogang.ac.kr/front/cmsboardlist.do?siteId=cric&bbsConfigFK=431,1,,,,,,,
,부설연구기관,서강 인공지능 연구소,공지사항,https://sail.sogang.ac.kr/bbs/bbslist.do?forword=&wslID=sail&bbsid=2639,,,,,,,,
,국제처,국제팀,일반공지,http://goabroad.sogang.ac.kr/front/cmsboardlist.do?siteId=goabroad&bbsConfigFK=1541,1,,,,,,,
,국제처,국제팀,국제팀 주관 프로그램 공지,http://goabroad.sogang.ac.kr/front/cmsboardlist.do?siteId=goabroad&bbsConfigFK=721,1,,,,,,,
,국제처,국제팀,외부프로그램 공지,http://goabroad.sogang.ac.kr/front/cmsboardlist.do?siteId=goabroad&bbsConfigFK=722,1,,,,,,,
,국제처,국제팀,국제학생,http://goabroad.sogang.ac.kr/front/cmsboardlist.do?siteId=goabroad&bbsConfigFK=1542,1,,,,,,,
,국제처,국제팀,Notice(Eng),http://egoabroad.sogang.ac.kr/front/cmsboardlist.do?siteId=egoabroad&bbsConfigFK=2487,1,,,,,,,
,국제처,국제팀,At Sogang,http://egoabroad.sogang.ac.kr/front/cmsboardlist.do?siteId=egoabroad&bbsConfigFK=766,1,,,,,,,
,국제처,국제팀,Job Postings,http://egoabroad.sogang.ac.kr/front/cmsboardlist.do?siteId=egoabroad&bbsConfigFK=765,1,,,,,,,
,대외교류처,발전홍보팀,일반공지,http://sogang.ac.kr/front/boardlist.do?bbsConfigFK=1,2,,,,,,,
,대외교류처,발전홍보팀,행사특강,http://sogang.ac.kr/front/boardlist.do?bbsConfigFK=142,2,,,,,,,
,연구처,산학협력단,일반공지,http://resdept.sogang.ac.kr/kr/intro/notice.jsp,,,,,,,,
,연구처,산학협력단,채용공고,http://resdept.sogang.ac.kr/kr/intro/hire.jsp,,,,,,,,
,연구처,산학협력단,교외 연구과제 공고,http://resdept.sogang.ac.kr/kr/inform/assign01.jsp,,,,,,,,
,연구처,마포비즈플라자,공지사항,http://mapocenter.sogang.ac.kr/bz/notice_list.asp,,,,,,,,
,연구처,마포비즈니스센터,공지사항,http://mapocenter.sogang.ac.kr/bc/notice_list.asp,,,,,,,,
,창업지원단,서강기업가정신센터,공지사항,http://sogangec.sogang.ac.kr/bbs/board.php?bo_table=notice,,,,,,,,
,국제인문학부,국어국문학,공지사항,http://korea.sogang.ac.kr/front/cmsboardlist.do?siteId=korea&bbsConfigFK=506,1,,,,,,,
,국제인문학부,국어국문학,교육/취업/인턴/아르바이트,http://korea.sogang.ac.kr/front/cmsboardlist.do?siteId=korea&bbsConfigFK=507,1,,,,,,,
,국제인문학부,사학,학과공지,http://history.sogang.ac.kr/front/cmsboardlist.do?siteId=history&bbsConfigFK=626,1,,,,,,,
,국제인문학부,사학,대학원공지,http://history.sogang.ac.kr/front/cmsboardlist.do?siteId=history&bbsConfigFK=634,1,,,,,,,
,국제인문학부,철학,공지사항,http://philosophy.sogang.ac.kr/front/cmsboardlist.do?siteId=philosophy&bbsConfigFK=785,1,,,,,,,
,국제인문학부,철학,교육/취업/인턴/아르바이트,http://philosophy.sogang.ac.kr/front/cmsboardlist.do?siteId=philosophy&bbsConfigFK=788,1,,,,,,,
,국제인문학부,종교학,공지사항,http://religion.sogang.ac.kr/front/cmsboardlist.do?siteId=religion&bbsConfigFK=792,1,,,,,,,
,국제인문학부,종교학,교육/취업/인턴/아르바이트,http://religion.sogang.ac.kr/front/cmsboardlist.do?siteId=religion&bbsConfigFK=795,1,,,,,,,
,국제인문학부,"영문학(영어미문, 미국문화)",Undergraduate,http://english.sogang.ac.kr/front/cmsboardlist.do?siteId=english&bbsConfigFK=883,1,,,,,,,
,국제인문학부,"영문학(영어미문, 미국문화)",Graduate,http://english.sogang.ac.kr/front/cmsboardlist.do?siteId=english&bbsConfigFK=884,1,,,,,,,
,국제인문학부,유럽문화,공지사항,http://eu.sogang.ac.kr/front/cmsboardlist.do?siteId=eu&bbsConfigFK=3166,1,,,,,,,
,국제인문학부,유럽문화,취업 및 인턴정보,http://eu.sogang.ac.kr/front/cmsboardlist.do?siteId=eu&bbsConfigFK=3169,1,,,,,,,
,국제인문학부,독일문화,공지사항,http://germany.sogang.ac.kr/front/cmsboardlist.do?siteId=germany&bbsConfigFK=2966,1,,,,,,,
,국제인문학부,독일문화,교육/취업/인턴/아르바이트,http://germany.sogang.ac.kr/front/cmsboardlist.do?siteId=germany&bbsConfigFK=2968,1,,,,,,,
,국제인문학부,프랑스문화,공지사항,http://france.sogang.ac.kr/front/cmsboardlist.do?siteId=france&bbsConfigFK=826,1,,,,,,,
,국제인문학부,프랑스문화,교육/취업/인턴/아르바이트,http://france.sogang.ac.kr/front/cmsboardlist.do?siteId=france&bbsConfigFK=829,1,,,,,,,
,국제인문학부,중국문화,공지사항,http://china.sogang.ac.kr/front/cmsboardlist.do?siteId=china&bbsConfigFK=2748,1,,,,,,,
,국제인문학부,중국문화,교육/취업/인턴/아르바이트,http://china.sogang.ac.kr/front/cmsboardlist.do?siteId=china&bbsConfigFK=2746,1,,,,,,,
,사회과학부,사회과학부,공지사항,http://sdoss.sogang.ac.kr/front/cmsboardlist.do?siteId=sdoss&bbsConfigFK=901,1,,,,,,,
,사회과학부,사회학,공지사항,http://sociology.sogang.ac.kr/front/cmsboardlist.do?siteId=sociology&bbsConfigFK=962,1,,,,,,,
,사회과학부,사회학,외부기관 공고문,http://sociology.sogang.ac.kr/front/cmsboardlist.do?siteId=sociology&bbsConfigFK=965,1,,,,,,,
,사회과학부,심리학,공지사항,http://psychology.sogang.ac.kr/front/cmsboardlist.do?siteId=psychology&bbsConfigFK=1002,1,,,,,,,
,사회과학부,심리학,홍보게시판,http://psychology.sogang.ac.kr/front/cmsboardlist.do?siteId=psychology&bbsConfigFK=1004,1,,,,,,,
,사회과학부,정치외교학,공지사항,http://scc.sogang.ac.kr/front/cmsboardlist.do?siteId=politics&bbsConfigFK=981,1,,,,,,,
,지식융합미디어학부,지식융합미디어학부,공지사항,http://smas.sogang.ac.kr/front/cmsboardlist.do?siteId=smas&bbsConfigFK=1805,1,,,,,,,
,지식융합미디어학부,지식융합미디어학부,뉴스레터,http://smas.sogang.ac.kr/front/cmsboardlist.do?siteId=smas&bbsConfigFK=2346,1,,,,,,,
,지식융합미디어학부,지식융합미디어학부,취업정보,http://smas.sogang.ac.kr/front/cmsboardlist.do?siteId=smas&bbsConfigFK=2347,1,,,,,,,
,지식융합미디어학부,글로벌한국학전공,News and Events,http://gks.sogang.ac.kr/bbs/bbs/board.php?bo_table=news_and_event_kor&device=pc,,,,,,,,
,지식융합미디어학부,아크&테크놀로지전공,News,http://creative.sogang.ac.kr/blog/small-image-with-sidebar/,,,,,,,,
,커뮤니케이션학부,커뮤니케이션학,공지사항,http://sgcomm.sogang.ac.kr/front/cmsboardlist.do?siteId=sgcomm&bbsConfigFK=517,1,,,,,,,
,커뮤니케이션학부,커뮤니케이션학,뉴스레터,http://sgcomm.sogang.ac.kr/front/cmsboardlist.do?siteId=sgcomm&bbsConfigFK=523,1,,,,,,,
,커뮤니케이션학부,커뮤니케이션학,취업정보,http://sgcomm.sogang.ac.kr/front/cmsboardlist.do?siteId=sgcomm&bbsConfigFK=518,1,,,,,,,
,자연과학부,자연과학부,공지사항,http://science.sogang.ac.kr/front/cmsboardlist.do?siteId=science&bbsConfigFK=681,1,,,,,,,
,자연과학부,자연과학부,새소식,http://science.sogang.ac.kr/front/cmsboardlist.do?siteId=science&bbsConfigFK=682,1,,,,,,,
,자연과학부,수학,공지사항,http://math.sogang.ac.kr/front/cmsboardlist.do?siteId=math&bbsConfigFK=1947,1,,,,,,,
,자연과학부,수학,세미나게시판,http://math.sogang.ac.kr/front/cmsboardlist.do?siteId=math&bbsConfigFK=1948,1,,,,,,,
,자연과학부,수학,자료실,http://math.sogang.ac.kr/front/cmsboardlist.do?siteId=math&bbsConfigFK=1965,1,,,,,,,
,자연과학부,수학,자유게시판,http://math.sogang.ac.kr/front/cmsboardlist.do?siteId=math&bbsConfigFK=1950,1,,,,,,,
,자연과학부,수학,수학과소식,http://math.sogang.ac.kr/front/cmsboardlist.do?siteId=math&bbsConfigFK=1952,1,,,,,,,
,자연과학부,물리학,게시판,http://physics.sogang.ac.kr/front/cmsboardlist.do?siteId=physics&bbsConfigFK=1205,1,,,,,,,
,자연과학부,물리학,세미나실,http://physics.sogang.ac.kr/front/cmsboardlist.do?siteId=physics&bbsConfigFK=2086,1,,,,,,,
,자연과학부,화학,News,http://chemistry.sogang.ac.kr/news/news.asp,,,,,,,,
,자연과학부,화학,Publication,http://chemistry.sogang.ac.kr/news/publication.asp,,,,,,,,
,자연과학부,화학,Seminar,http://chemistry.sogang.ac.kr/news/seminar.asp,,,,,,,,
,자연과학부,생명과학,공지사항,http://lifescien.sogang.ac.kr/front/cmsboardlist.do?siteId=lifescien&bbsConfigFK=1265,1,,,,,,,
,자연과학부,생명과학,세미나,http://lifescien.sogang.ac.kr/front/cmsboardlist.do?siteId=lifescien&bbsConfigFK=1264,1,,,,,,,
,공학부,공학부,공지사항,http://eng.sogang.ac.kr/front/cmsboardlist.do?siteId=eng&bbsConfigFK=1624,1,,,,,,,
,공학부,공학부,연구성과,http://eng.sogang.ac.kr/front/cmsboardlist.do?siteId=eng&bbsConfigFK=1627,1,,,,,,,
,공학부,공학부,학교생활가이드,http://eng.sogang.ac.kr/front/cmsboardlist.do?siteId=eng&bbsConfigFK=1628,1,,,,,,,
,공학부,전자공학,일반공지,http://ee.sogang.ac.kr/front/cmsboardlist.do?siteId=ee&bbsConfigFK=3306,1,,,,,,,
,공학부,전자공학,학사공지,http://ee.sogang.ac.kr/front/cmsboardlist.do?siteId=ee&bbsConfigFK=3446,1,,,,,,,
,공학부,전자공학,학과행사,http://ee.sogang.ac.kr/front/cmsboardlist.do?siteId=ee&bbsConfigFK=3090,1,,,,,,,
,공학부,전자공학,취업정보,http://ee.sogang.ac.kr/front/cmsboardlist.do?siteId=ee&bbsConfigFK=3089,1,,,,,,,
,공학부,전자공학,채용공고,http://ee.sogang.ac.kr/front/cmsboardlist.do?siteId=ee&bbsConfigFK=3091,1,,,,,,,
,공학부,화공생명공학,연구 및 학술활동,http://chemeng.sogang.ac.kr/kor/sub/05_01.php,,,,,,,,
,공학부,화공생명공학,세미나,http://chemeng.sogang.ac.kr/kor/sub/05_02.php,,,,,,,,
,공학부,화공생명공학,학사,http://chemeng.sogang.ac.kr/kor/sub/05_04.php,,,,,,,,
,공학부,화공생명공학,취업/장학,http://chemeng.sogang.ac.kr/kor/sub/05_05.php,,,,,,,,
,공학부,화공생명공학,공문서,http://chemeng.sogang.ac.kr/kor/sub/05_06.php,,,,,,,,
,공학부,컴퓨터공학,주요공지,http://cs.sogang.ac.kr/front/cmsboardlist.do?siteId=cs&bbsConfigFK=1905,1,,,,,,,
,공학부,컴퓨터공학,학부공지,http://cs.sogang.ac.kr/front/cmsboardlist.do?siteId=cs&bbsConfigFK=1745,1,,,,,,,
,공학부,컴퓨터공학,대학원공지,http://cs.sogang.ac.kr/front/cmsboardlist.do?siteId=cs&bbsConfigFK=1747,1,,,,,,,
,공학부,컴퓨터공학,일반공지,http://cs.sogang.ac.kr/front/cmsboardlist.do?siteId=cs&bbsConfigFK=1746,1,,,,,,,
,공학부,컴퓨터공학,취업/인턴쉽,http://cs.sogang.ac.kr/front/cmsboardlist.do?siteId=cs&bbsConfigFK=1748,1,,,,,,,
,공학부,컴퓨터공학,학과소식,http://cs.sogang.ac.kr/front/cmsboardlist.do?siteId=cs&bbsConfigFK=1749,1,,,,,,,
,공학부,기계공학,공지사항,http://me.sogang.ac.kr/v2/bbs/board.php?bo_table=sub6_1,,,,,,,,
,공학부,기계공학,장학/취업정보,http://me.sogang.ac.kr/v2/bbs/board.php?bo_table=sub6_2,,,,,,,,
,공학부,기계공학,자료실,http://me.sogang.ac.kr/v2/bbs/board.php?bo_table=sub6_5,,,,,,,,
,공학부,기계공학,외부행사,http://me.sogang.ac.kr/v2/bbs/board.php?bo_table=sub6_6,,,,,,,,
,경제학부,경제학,학부 및 일반대학원 공지,http://econ.sogang.ac.kr/front/cmsboardlist.do?siteId=econ&bbsConfigFK=2607,1,,,,,,,
,경제학부,경제학,뉴스레터,http://econ.sogang.ac.kr/front/cmsboardlist.do?siteId=econ&bbsConfigFK=2609,1,,,,,,,
,경제학부,경제학,동문소식,http://econ.sogang.ac.kr/front/cmsboardlist.do?siteId=econ&bbsConfigFK=2610,1,,,,,,,
,경제학부,경제학,서강경제뉴스,http://econ.sogang.ac.kr/front/cmsboardlist.do?siteId=econ&bbsConfigFK=2611,1,,,,,,,
,경제학부,경제학,경제대학원 공지,http://econ.sogang.ac.kr/front/cmsboardlist.do?siteId=econ&bbsConfigFK=2606,1,,,,,,,
,경영학부,경영학,학부 공지사항,http://sbs.sogang.ac.kr/front/cmsboardlist.do?siteId=sbs&bbsConfigFK=2371,1,,,,,,,
,경영학부,경영학,일반대학원 공지사항,http://sbs.sogang.ac.kr/front/cmsboardlist.do?siteId=sbs&bbsConfigFK=2012,1,,,,,,,
,경영학부,경영학,MBA 공지사항,http://sbs.sogang.ac.kr/front/cmsboardlist.do?siteId=sbs&bbsConfigFK=2206,1,,,,,,,
,경영학부,경영학,특성화사업 뉴스/보도,http://sbs.sogang.ac.kr/front/cmsboardlist.do?siteId=sbs&bbsConfigFK=2426,1,,,,,,,
,경영학부,경영학,특성화사업 공지사항,http://sbs.sogang.ac.kr/front/cmsboardlist.do?siteId=sbs&bbsConfigFK=2427,1,,,,,,,
,경영학부,경영학,SBS소식,http://sbs.sogang.ac.kr/front/cmsboardlist.do?siteId=sbs&bbsConfigFK=2021,1,,,,,,,
,경영학부,경영학,채용정보,http://sbs.sogang.ac.kr/front/cmsboardlist.do?siteId=sbs&bbsConfigFK=2020,1,,,,,,,
,연계전공,교육문화학,공지사항,http://educulture.sogang.ac.kr/front/cmsboardlist.do?siteId=educulture&bbsConfigFK=1201,1,,,,,,,
,연계전공,스타트업,공지사항,http://scc.sogang.ac.kr/front/cmsboardlist.do?siteId=ssa&bbsConfigFK=2369,1,,,,,,,
,연계전공,여성학,공지사항,http://gender.sogang.ac.kr/front/cmsboardlist.do?siteId=gender&bbsConfigFK=541,1,,,,,,,
,연계전공,융합소프트웨어,공지사항,http://scsctrack.sogang.ac.kr/front/cmsboardlist.do?siteId=scsctrack&bbsConfigFK=2646,1,,,,,,,
,연계전공,융합소프트웨어,취업수기,http://scsctrack.sogang.ac.kr/front/cmsboardlist.do?currentPage=1&searchField=ALL&searchValue=&searchLowItem=ALL&bbsConfigFK=2647&siteId=scsctrack,,,,,,,TRUE,
,연계전공,동남아시아학,수업공지,http://seasia.sogang.ac.kr/front/cmsboardlist.do?siteId=seasia&bbsConfigFK=2288,1,,,,,,,
,연계전공,동남아시아학,학과공지,http://seasia.sogang.ac.kr/front/cmsboardlist.do?siteId=seasia&bbsConfigFK=2289,1,,,,,,,
,연계전공,동남아시아학,학과행정,http://seasia.sogang.ac.kr/front/cmsboardlist.do?siteId=seasia&bbsConfigFK=2291,1,,,,,,,
,연계전공,동남아시아학,행사공지,http://seasia.sogang.ac.kr/front/cmsboardlist.do?siteId=seasia&bbsConfigFK=2047,1,,,,,,,
,연계전공,동남아시아학,업무사항,http://seasia.sogang.ac.kr/front/cmsboardlist.do?siteId=seasia&bbsConfigFK=2290,1,,,,,,,
,연계전공,빅데이터 사이언스,공지사항,http://bds.sogang.ac.kr/front/cmsboardlist.do?siteId=bds&bbsConfigFK=2067,1,,,,,,,
,연계전공,인공지능,공지사항,http://ai.sogang.ac.kr/front/cmsboardlist.do?siteId=ai&bbsConfigFK=2066,1,,,,,,,
,교직과정,교직과정,공지사항,http://teaching.sogang.ac.kr/front/cmsboardlist.do?siteId=teaching&bbsConfigFK=1171,1,,,,,,,
,연구실 안전관리센터,연구실 안전관리센터,공지사항,http://safety.sogang.ac.kr/bbs/bbslist.do?forword=&wslID=safety&bbsid=841,,,,,,,,
고시준비반,고시준비반,토마스모어관,공지사항,http://tgosi.sogang.ac.kr/front/cmsboardlist.do?siteId=tgosi&bbsConfigFK=1105,1,,,,,,,
,고시준비반,토마스모어관,공인회계사반,http://tgosi.sogang.ac.kr/front/cmsboardlist.do?siteId=tgosi&bbsConfigFK=1109,1,,,,,,,
,고시준비반,토마스모어관,변호사시험반(법전원),http://tgosi.sogang.ac.kr/front/cmsboardlist.do?siteId=tgosi&bbsConfigFK=1110,1,,,,,,,
,고시준비반,토마스모어관,변리사반,http://tgosi.sogang.ac.kr/front/cmsboardlist.do?siteId=tgosi&bbsConfigFK=1111,1,,,,,,,
,고시준비반,토마스모어관,언론사시험반,http://tgosi.sogang.ac.kr/front/cmsboardlist.do?siteId=tgosi&bbsConfigFK=1112,1,,,,,,,
,고시준비반,토마스모어관,외교관후보자시험반,http://tgosi.sogang.ac.kr/front/cmsboardlist.do?siteId=tgosi&bbsConfigFK=1113,1,,,,,,,
,고시준비반,토마스모어관,5급 공재 시험반,http://tgosi.sogang.ac.kr/front/cmsboardlist.do?siteId=tgosi&bbsConfigFK=1114,1,,,,,,,
총학,총학생회,대학총학생회,공지사항,http://student.sogang.ac.kr/front/cmsboardlist.do?siteId=student&bbsConfigFK=2847,1,,,,,,,
,총학생회,대학총학생회,소식,http://student.sogang.ac.kr/front/cmsboardlist.do?siteId=student&bbsConfigFK=3227,1,,,,,,,
,총학생회,대학총학생회,제휴,http://student.sogang.ac.kr/front/cmsboardlist.do?siteId=student&bbsConfigFK=3226,1,,,,,,,
,총학생회,대학총학생회,회/세칙,http://student.sogang.ac.kr/front/cmsboardlist.do?siteId=student&bbsConfigFK=2866,1,,,,,,,
,총학생회,대학총학생회,전체학생총회,http://student.sogang.ac.kr/front/cmsboardlist.do?siteId=student&bbsConfigFK=2867,1,,,,,,,
,총학생회,대학총학생회,전체학생대표자회의,http://student.sogang.ac.kr/front/cmsboardlist.do?siteId=student&bbsConfigFK=2868,1,,,,,,,
,총학생회,대학총학생회,중앙운영위원회,http://student.sogang.ac.kr/front/cmsboardlist.do?siteId=student&bbsConfigFK=2869,1,,,,,,,
,총학생회,대학총학생회,재정심의위원회,http://student.sogang.ac.kr/front/cmsboardlist.do?siteId=student&bbsConfigFK=2870,1,,,,,,,
,총학생회,대학총학생회,회/세칙개정위원회,http://student.sogang.ac.kr/front/cmsboardlist.do?siteId=student&bbsConfigFK=2871,1,,,,,,,
,총학생회,대학총학생회,중앙선거관리위원회,http://student.sogang.ac.kr/front/cmsboardlist.do?siteId=student&bbsConfigFK=2906,1,,,,,,,
,총학생회,대학원총학생회,학생회 공지,http://sggradsa.sogang.ac.kr/front/cmsboardlist.do?siteId=sggradsa&bbsConfigFK=3387,1,,,,,,,
,총학생회,대학원총학생회,학술 및 특강 공지,http://sggradsa.sogang.ac.kr/front/cmsboardlist.do?siteId=sggradsa&bbsConfigFK=3388,1,,,,,,,
,총학생회,대학원총학생회,장학공지,http://sggradsa.sogang.ac.kr/front/cmsboardlist.do?siteId=sggradsa&bbsConfigFK=3406,1,,,,,,,
,총학생회,대학원총학생회,문화 사업 및 생활 공지,http://sggradsa.sogang.ac.kr/front/cmsboardlist.do?siteId=sggradsa&bbsConfigFK=3389,1,,,,,,,
,총학생회,대학원총학생회,성평등 위원회 공지사항,http://sggradsa.sogang.ac.kr/front/cmsboardlist.do?siteId=sggradsa&bbsConfigFK=3389,1,,,,,,,
,총학생회,대학원총학생회,커뮤니티 공지사항,http://sggradsa.sogang.ac.kr/front/cmsboardlist.do?siteId=sggradsa&bbsConfigFK=3056,1,,,,,,,